Amphetamine	1841	2669	2comma3comma4comma5-Tetramethoxyamphetamine
Amphetamine	1842	2670	2comma3-dimethoxy-4comma5-methylenedioxyamphetamine
Amphetamine	1843	2671	2comma3-methylenedioxyamphetamine
Phenethylamine	1844	2672	2-(4-bromo-2comma5-dimethoxyphenyl)-n-(2-methoxybenzyl)ethanamine
Amphetamine	1845	2673	2comma5-dimethoxy-4-butylamphetamine
Amphetamine	1846	2674	2comma5-dimethoxy-4-chloroamphetamine
Amphetamine	1847	2675	2comma5-dimethoxy-4-ethoxyamphetamine
Amphetamine	1848	2676	2comma5-dimethoxy-4-ethylamphetamine
Amphetamine	1849	2677	2comma5-dimethoxy-4-fluoroamphetamine
Amphetamine	1850	2678	2comma5-dimethoxy-4-propylamphetamine
Amphetamine	1851	2679	2comma5-dimethoxy-4-trifluoromethylamphetamine
Phenethylamine	1853	2680	n-(2-fluorobenzyl)-2-(4-iodo-2comma5-dimethoxyphenyl)ethanamine
Phenethylamine	1854	2681	2-({[2-(4-iodo-2comma5-dimethoxyphenyl)ethyl]amino}methyl)phenol
Phenethylamine	1855	2682	2-(4-iodo-2comma5-dimethoxyphenyl)-n-(2-methoxybenzyl)ethanamine
Tryptamine	1856	2683	2commaalpha-dimethyltryptamine
Amphetamine	1857	2684	2-bromo-4comma5-methylenedioxyamphetamine
Tryptamine	1858	2685	2-bromo-lsd
Other	1859	2686	4-bromo-2comma5-dimethoxy-1-benzylpiperazine
Phenethylamine	1860	2687	n-[[(7r)-3-bromo-2comma5-dimethoxy-7-bicyclo[4.2.0]octa-1comma3comma5-trienyl]methyl]-1-(2-methoxyphenyl)methanamine
Phenethylamine	1861	2688	2comma5-dimethoxy-4-chlorophenethylamine
Phenethylamine	1862	2689	2-(4-chloro-2comma5-dimethoxyphenyl)-n-(2-methoxybenzyl)ethanamine
Phenethylamine	1864	2690	2comma5-dimethoxy-4-fluorophenethylamine
Phenethylamine	1865	2691	2comma5-dimethoxy-3comma4-dimethylphenethylamine
Phenethylamine	1866	2692	2comma5-dimethoxyphenethylamine
Phenethylamine	1867	2693	2comma5-dimethoxy-4-nitrophenethylamine
Phenethylamine	1868	2694	2comma5-dimethoxy-4-(i)-propoxyphenethylamine
Phenethylamine	1869	2695	2comma5-dimethoxy-4-(n)-propylphenethylamine
Phenethylamine	1870	2696	2comma5-dimethoxy-4-methylseleneophenethylamine
Phenethylamine	1871	2697	2comma5-dimethoxy-4-(2-methoxyethylthio)phenethylamine
Phenethylamine	1872	2698	2comma5-dimethoxy-4-cyclopropylthiophenethylamine
Phenethylamine	1873	2699	2comma5-dimethoxy-4-(s)-butylthiophenethylamine
Phenethylamine	1876	2700	2comma5-dimethoxy-4-(i)-propylthiophenethylamine
Phenethylamine	1877	2701	2comma5-dimethoxy-4-(t)-butylthiophenethylamine
Phenethylamine	1878	2702	2-[2comma5-dimethoxy-4-(trifluoromethyl)phenyl]-n-(2-methoxybenzyl)ethanamine
Phenethylamine	1879	2703	1-(4-ethynyl-2comma5-dimethoxyphenyl)-2-aminoethane
Amphetamine	1880	2704	2-fluoroamphetamine
Amphetamine	1881	2705	2-fluoromethamphetamine
Tryptamine	1882	2706	ncomman-diethyl-2-(2-methyl-1h-indol-3-yl)ethanamine
Amphetamine	1883	2707	2-methyl-3comma4-methylenedioxyamphetamine
Amphetamine	1884	2708	3comma4-dichloroamphetamine
Cathinone	1885	2709	3comma4-dimethylmethcathinone
Amphetamine	1887	2710	3comma4-methylenedioxyamphetamine
Amphetamine	1888	2711	4-benzyloxy-3comma5-dimethoxyamphetamine
Amphetamine	1889	2712	3comma5-dimethoxy-4-ethoxyamphetamine
Amphetamine	1890	2713	1-(3comma5-dimethoxy-4-propoxyphenyl)-2-propanamine
Amphetamine	1891	2714	3-fluoroamphetamine
Phenethylamine	1892	2715	3-methoxy-4-ethoxyphenethylamine
Amphetamine	1893	2716	3-methoxy-4-methylamphetamine
Amphetamine	1894	2717	3-methoxyamphetamine
Amphetamine	1895	2718	3-methoxymethamphetamine
Amphetamine	1896	2719	3-methylamphetamine
Tryptamine	1898	2720	ethacetin
Tryptamine	1899	2721	[3-[2-(diisopropylamino)ethyl]-1h-indol-4-yl]_acetate_hydrochloride
Tryptamine	1900	2722	3-{2-[isopropyl(methyl)amino]ethyl}-1h-indol-4-yl_acetate
Amphetamine	1901	2723	4-bromo-3comma5-dimethoxyamphetamine
Cathinone	1902	2724	4-bromomethcathinone
Phenethylamine	1903	2725	4-chlorophenylisobutylamine
Amphetamine	1904	2726	4-ethylamphetamine
Amphetamine	1905	2727	4-fluoroamphetamine
Amphetamine	1906	2728	4-fluoromethamphetamine
Tryptamine	1907	2729	3-[2-(dibutylamino)ethyl]-1h-indol-4-ol
Tryptamine	1909	2730	3-[2-(diethylamino)ethyl]-1h-indol-4-ol
Tryptamine	1910	2731	3-[2-(diisopropylamino)ethyl]-1h-indol-4-ol
Tryptamine	1911	2732	3-[2-(dipropylamino)ethyl]-1h-indol-4-ol
Tryptamine	1912	2733	3-{2-[methyl(propan-2-yl)amino]ethyl}-1h-indol-4-ol
Tryptamine	1913	2734	3-{[(2r)-1-methyl-2-pyrrolidinyl]methyl}-1h-indol-4-ol
Tryptamine	1914	2735	3-{2-[methyl(propyl)amino]ethyl}-1h-indol-4-ol
Tryptamine	1915	2736	3-[2-(pyrrolidin-1-yl)ethyl]-1h-indol-4-ol
Tryptamine	1916	2737	4-hydroxy-5-methoxydimethyltryptamine
Tryptamine	1917	2738	4-methoxy-n-methyl-n-isopropyltryptamine
Phenethylamine	1918	2739	4-methyl-2comma5-methoxyphenylcyclopropylamine
Tryptamine	1920	2740	4-methyl-alpha-ethyltryptamine
Amphetamine	1921	2741	4-methylamphetamine
Tryptamine	1922	2742	1-(4-methyl-1h-indol-3-yl)propan-2-amine
Amphetamine	1923	2743	4-methylmethamphetamine
Phenethylamine	1924	2744	4-methylphenylisobutylamine
Amphetamine	1925	2745	4-methylthioamphetamine
Amphetamine	1926	2746	5-(2-aminopropyl)benzofuran
Amphetamine	1927	2747	1-(2comma3-dihydro-1-benzofuran-5-yl)propan-2-amine
Tryptamine	1928	2748	1-(5-fluoro-1h-indol-3-yl)propan-2-amine
Tryptamine	1929	2749	5-fluoro-ncomman-dimethyltryptamine
Tryptamine	1931	2750	2-(5-methoxy-2-methyl-1h-indol-3-yl)-ncomman-dimethylethanamine
Tryptamine	1932	2751	1-(5-methoxy-1h-indol-3-yl)-2-butanamine
Tryptamine	1933	2752	5-methoxy-1h-indole-3-propane-2-amine
Tryptamine	1934	2753	n-allyl-n-[2-(5-methoxy-1h-indol-3-yl)ethyl]-2-propen-1-amine
Tryptamine	1935	2754	5-methoxy-ncomman-diethyltryptamine
Tryptamine	1936	2755	5-methoxydimethyltryptamine
Tryptamine	1937	2756	1h-indole-3-ethanaminecomma_5-methoxy-ncomman-dipropyl-
Tryptamine	1938	2757	5-methoxy-ncomman-methylisopropyltryptamine
Tryptamine	1939	2758	5-methoxy-3-((r)-1-methyl-pyrrolidin-2-ylmethyl)-1h-indole
Tryptamine	1940	2759	1h-indole-3-ethanaminecomma_5-methoxy-n-methyl-
Tryptamine	1942	2760	5-methoxy-3-[2-(pyrrolidin-1-yl)ethyl]-1h-indole
Tryptamine	1943	2761	ncomman-dimethyl-2-[5-(methylsulfanyl)-1h-indol-3-yl]ethanamine
Tryptamine	1944	2762	5-methoxy-diisopropyltryptamine
Amphetamine	1945	2763	1-(4-methyl-1comma3-benzodioxol-6-yl)-2-aminopropane
Tryptamine	1946	2764	5comman-dimethyl-n-isopropyltryptamine
Tryptamine	1947	2765	indolecomma_3-[2-(dimethylamino)ethyl]-5-methyl-
Amphetamine	1948	2766	1-(1-benzofuran-6-yl)-2-propanamine
Amphetamine	1949	2767	1-(2comma3-dihydro-1-benzofuran-6-yl)propan-2-amine
Tryptamine	1950	2768	aldosterone-stimulating_hormone
Amphetamine	1951	2769	1-(6-methyl-1comma3-benzodioxol-5-yl)-2-propanamine
Phenethylamine	1953	2770	2-(2comma5-dimethoxy-4-butylphenyl)ethan-1-amine
Tryptamine	1954	2771	aeruginascin
Phenethylamine	1955	2772	ergoline-8beta-carboxamidecomma_1-acetyl-9comma10-didehydro-ncomman-diethyl-6-methyl-
Amphetamine	1956	2773	4-methylthio-2-5-dimethoxyamphetamine
Tryptamine	1957	2774	(8beta)-ncomman-diethyl-6-(prop-2-en-1-yl)-9comma10-didehydroergoline-8-carboxamide
Phenethylamine	1958	2775	allylescaline
Tryptamine	1959	2776	alpha-ethyltryptamine
Amphetamine	1960	2777	alpha-methyldopamine
Tryptamine	1961	2778	alpha-methylserotonin
Tryptamine	1962	2779	alpha-methyltryptamine
Tryptamine	1964	2780	1-(5-methoxy-1h-indol-3-yl)-n-methyl-2-propanamine
Tryptamine	1965	2781	1-(5-methoxy-1h-indol-3-yl)-n-methyl-2-propanamine
Cathinone	1966	2782	alpha-pyrrolidinobutiophenone
Cathinone	1967	2783	alpha-pyrrolidinopentiophenone
Cathinone	1968	2784	alpha-pyrrolidinopropiophenone
Amphetamine	1969	2785	amfecloral
Amphetamine	1970	2786	amfepentorex
Cathinone	1971	2787	amfepramone
Amphetamine	1972	2788	amphetamine
Amphetamine	1973	2789	amphetaminil
Phenethylamine	1975	2791	asymbescaline
Other	1976	2792	atropine
Tryptamine	1977	2793	baeocystin
Amphetamine	1978	2794	beatrice_(psychedelic)
Amphetamine	1979	2795	benfluorex
Cathinone	1980	2796	benzedrone
Phenethylamine	1981	2797	benzodioxolylbutanamine
Amphetamine	1982	2798	benzphetamine
Other	1983	2799	benzylpiperazine
Amphetamine	1986	2800	4-methyl-2comma5-bis-(methylthio)amphetamine
Phenethylamine	1987	2801	beta-methoxy-2c-b;_4-bromo-2comma5-beta-trimethoxyphenethylamine
Tryptamine	1988	2802	bromocriptine
Tryptamine	1989	2803	bufotenin
Tryptamine	1990	2804	(8beta)-6-butyl-ncomman-diethyl-9comma10-didehydroergoline-8-carboxamide
Cathinone	1991	2805	buphedrone
Cathinone	1992	2806	bupropion
Phenethylamine	1993	2807	buscaline
Tryptamine	1994	2809	cabergoline
Phenethylamine	1996	2810	cafedrine
Canabinoid	1997	2811	cannabicyclohexanol
Canabinoid	1998	2812	cannabidiol
Canabinoid	1999	2813	cannabinol
Phenethylamine	2000	2814	cathine
Amphetamine	2001	2815	cloforex
Amphetamine	2002	2816	clortermine
Other	2003	2817	cryogenine
Phenethylamine	2004	2818	cyclopropylmescaline
Tryptamine	2005	2819	(8beta)-6-cyclopropyl-ncomman-diethyl-9comma10-didehydroergoline-8-carboxamide
Tryptamine	2007	2820	n-allyl-n-[2-(1h-indol-3-yl)ethyl]-2-propen-1-amine
Tryptamine	2008	2821	(8beta)-ncommancomma6-trimethyl-9comma10-didehydroergoline-8-carboxamide
Phenethylamine	2009	2822	3comma5-dimethoxy-4-methylphenethylamine
Amphetamine	2010	2823	dexfenfluramine
Phenethylamine	2011	2824	dextromethorphan
Phenethylamine	2012	2825	dextrorphan
Tryptamine	2013	2826	diallyllysergamide
Other	2014	2827	dibenzylpiperazine
Tryptamine	2015	2828	dibutyltryptamine
Tryptamine	2016	2829	diethyltryptamine
Tryptamine	2018	2830	dihydroergocryptine
Tryptamine	2019	2831	dihydroergotamine
Tryptamine	2020	2832	diisopropyltryptamine
Amphetamine	2021	2834	dimethylamphetamine
Tryptamine	2022	2835	dimethyltryptamine
Tryptamine	2023	2837	dipropyltryptamine
Amphetamine	2024	2838	1-(4comma7-dimethoxy-1comma3-benzodioxol-5-yl)propan-2-amine
Amphetamine	2025	2839	3comma4-ethylenedioxy-n-methylamphetamine
Other	2027	2840	elemicin
Tryptamine	2028	2841	epicriptine
Tryptamine	2029	2842	ergine
Tryptamine	2030	2843	ergoloid
Tryptamine	2031	2844	ergometrine
Tryptamine	2032	2845	ergotamine
Phenethylamine	2033	2846	etafedrine
Cathinone	2034	2847	ethcathinone
Tryptamine	2036	2849	ethocybin
Amphetamine	2038	2850	ethylamphetamine
Amphetamine	2039	2851	ethylidenedioxyamphetamine
Tryptamine	2040	2852	ethylisopropyltryptamine
Amphetamine	2041	2853	etolorex
Amphetamine	2042	2854	6-benzofuranethanaminecomma_2comma3-dihydro-5-methoxy-alphacomma2-dimethyl-
Amphetamine	2043	2855	fencamine
Amphetamine	2044	2856	fenethylline
Cathinone	2045	2857	flephedrone
Amphetamine	2046	2858	formoterol
Amphetamine	2047	2859	furfenorex
Amphetamine	2049	2860	2comma5-dimethoxy-3comma4-dimethylamphetamine
Amphetamine	2050	2861	gepefrine
Phenethylamine	2051	2862	2comma5-dimethoxy-4-(s)-butylthio-n-hydroxyphenethylamine
Phenethylamine	2052	2863	2comma5-dimethoxy-4-ethylthio-n-hydroxyphenethylamine
Phenethylamine	2053	2864	2comma5-dimethoxy-n-hydroxy-4-(n)-propylthiophenethylamine
Canabinoid	2054	2865	(6arcomma10ar)-9-(hydroxymethyl)-6comma6-dimethyl-3-(2-methyloctan-2-yl)-6acomma7comma8comma9comma10comma10a-hexahydro-6h-benzo[c]chromen-1-ol
Amphetamine	2055	2867	2comma5-dimethoxy-ncomman-dimethyl-4-iodoamphetamine
Amphetamine	2056	2868	indanylaminopropane
Phenethylamine	2057	2869	isomescaline
Amphetamine	2059	2870	isopropylamphetamine
Phenethylamine	2060	2871	isoproscaline
Phenethylamine	2061	2872	jimscaline
Other	2062	2873	1-naphthyl(1-pentyl-1h-indol-3-yl)methanone
Other	2063	2874	(1-butyl-1h-indol-3-yl)(1-naphthyl)methanon
Other	2064	2875	ketamine
Tryptamine	2065	2876	n-ethyl-6-methyl-9comma10-didehydroergoline-8-carboxamide
Amphetamine	2066	2877	levoamphetamine
Amphetamine	2067	2878	levomethamphetamine
Phenethylamine	2068	2879	levonordefrin
Amphetamine	2070	2880	lisdexamfetamine
Phenethylamine	2071	2881	lophophine
Tryptamine	2072	2882	[(8beta)-6-methyl-9comma10-didehydroergolin-8-yl](pyrrolidin-1-yl)methanone
Tryptamine	2073	2883	(6-methyl-9comma10-didehydroergolin-8-yl)(1-piperidinyl)methanone
Tryptamine	2074	2884	[(8beta)-6-methyl-9comma10-didehydroergolin-8-yl](4-morpholinyl)methanone
Tryptamine	2075	2885	lysergic_acid_2comma4-dimethylazetidide
Tryptamine	2076	2886	lysergic_acid_2-butyl_amide
Tryptamine	2077	2887	lysergic_acid_3-pentyl_amide
Tryptamine	2078	2888	lysergic_acid_diethylamide
Tryptamine	2079	2889	lysergic_acid_hydroxyethylamide
Phenethylamine	2081	2890	6comma7-dihydro-5h-indeno(5comma6-d)-1comma3-dioxol-6-amine
Amphetamine	2082	2891	ecstasy
Amphetamine	2083	2892	3comma4-methylenedioxy-n-methyoxyamphetamine
Cathinone	2084	2894	mephedrone
Phenethylamine	2085	2895	mescaline
Other	2086	2896	meta-chlorophenylpiperazine
Amphetamine	2087	2897	5-bromo-2comma4-dimethoxyamphetamine
Phenethylamine	2088	2898	metaescaline
Cathinone	2089	2899	metamfepramone
Phenethylamine	2092	2900	metaproscaline
Phenethylamine	2093	2901	methallylescaline
Cathinone	2094	2902	methcathinone
Cathinone	2095	2903	methedrone
Other	2096	2904	methiopropamine
Phenethylamine	2097	2905	methoxamine
Amphetamine	2098	2906	methoxyphenamine
Phenethylamine	2099	2907	methylbenzodioxolylbutanamine
Other	2100	2908	methylbenzylpiperazine
Amphetamine	2101	2909	2comma5-dimethoxy-n-methylamphetamine
Amphetamine	2103	2910	4-bromo-2comma5-dimethoxy-n-methylamphetamine
Other	2104	2911	methylenedioxybenzylpiperazine
Amphetamine	2105	2912	methylenedioxyethylamphetamine
Amphetamine	2106	2913	methylenedioxyhydroxyamphetamine
Amphetamine	2107	2914	methylenedioxyhydroxymethamphetamine
Phenethylamine	2108	2915	methylenedioxymethylphenethylamine
Phenethylamine	2109	2916	methylenedioxyphenethylamine
Cathinone	2110	2917	methylenedioxypyrovalerone
Tryptamine	2111	2918	methylergometrine
Tryptamine	2112	2919	methylethyltryptamine
Tryptamine	2114	2920	methylisopropyltryptamine
Amphetamine	2115	2921	2-methoxy-n-methyl-4comma5-methylenedioxyamphetamine
Cathinone	2116	2922	methylone
Phenethylamine	2117	2923	methysergide
Phenethylamine	2118	2924	ergoline-8beta-carboxamidecomma_9comma10-didehydro-ncomman-diethyl-1comma6-dimethyl-
Amphetamine	2119	2925	2-methoxy-4comma5-methylenedioxyamphetamine
Phenethylamine	2120	2926	morphinan
Other	2121	2927	myristicin
Canabinoid	2122	2928	nabilone
Cathinone	2123	2929	naphyrone
Tryptamine	2125	2930	n-ethyltryptamine
Tryptamine	2126	2931	n-methyltryptamine
Other	2127	2932	norbaeocystin
Amphetamine	2128	2933	norpholedrine
Tryptamine	2129	2934	o-acetylpsilocin
Amphetamine	2130	2935	ortetamine
Amphetamine	2131	2936	4comma5-dimethoxy-2-methylthioamphetamine
Phenethylamine	2132	2937	oxilofrine
Amphetamine	2133	2938	para-bromoamphetamine
Amphetamine	2134	2939	para-chloroamphetamine
Amphetamine	2136	2940	para-ethoxyamphetamine
Other	2137	2941	para-fluorophenylpiperazine
Amphetamine	2138	2942	para-iodoamphetamine
Amphetamine	2139	2943	para-methoxyamphetamine
Amphetamine	2140	2944	para-methoxyethylamphetamine
Amphetamine	2141	2945	para-methoxymethamphetamine
Other	2142	2946	para-methoxyphenylpiperazine
Tryptamine	2143	2947	(8beta)-ncomman-diethyl-6-(2-propyn-1-yl)-9comma10-didehydroergoline-8-carboxamide
Cathinone	2144	2948	pentedrone
Phenethylamine	2145	2949	pentorex
Other	2147	2950	phencyclidine
Phenethylamine	2148	2951	phenescaline
Phenethylamine	2149	2952	phenylisobutylamine
Amphetamine	2150	2953	pholedrine
Amphetamine	2151	2954	prenylamine
Tryptamine	2152	2955	(8beta)-ncomman-diethyl-6-propyl-9comma10-didehydroergoline-8-carboxamide
Amphetamine	2153	2956	propylamphetamine
Tryptamine	2154	2957	propylisopropyltryptamine
Phenethylamine	2155	2958	proscaline
Amphetamine	2156	2959	1-(2comma6-dimethoxy-4-methylphenyl)propan-2-amine
Tryptamine	2158	2960	psilocin
Cathinone	2159	2961	pyrovalerone
Tryptamine	2160	2962	3-[2-(1-pyrrolidinyl)ethyl]-1h-indole
Other	2161	2963	salvinorin_a
Other	2162	2964	scopolamine
Phenethylamine	2163	2965	symbescaline
Phenethylamine	2164	2966	1-[(7r)-3-bromo-2comma5-dimethoxybicyclo[4.2.0]octa-1comma3comma5-trien-7-yl]methanamine
Canabinoid	2165	2967	tetrahydrocannabinol
Amphetamine	2166	2968	tetralinylaminopropane
Phenethylamine	2167	2969	thiobuscaline
Phenethylamine	2169	2970	thioproscaline
Amphetamine	2170	2971	tiflorex
Other	2171	2972	trifluoromethylphenylpiperazine
Phenethylamine	2172	2973	trisescaline
Amphetamine	2173	2974	xylopropamine
Amphetamine	2174	2975	2comma4-dimethoxyamphetamine
Amphetamine	2175	2976	(2s)-1-(2comma5-dimethoxyphenyl)-2-propanamine
Phenethylamine	2176	2977	nexus
Phenethylamine	2177	2978	2-(2comma5-dimethoxy-4-methylphenyl)ethanamine
Phenethylamine	2178	2979	2comma5-dimethoxy-4-ethylphenethylamine
Phenethylamine	2180	2980	2comma5-dimethoxy-3comma4-(trimethylene)phenethylamine;_5-(2-aminoethyl)-4comma7-dimethoxyindane)
Phenethylamine	2181	2981	2comma5-dimethoxy-3comma4-(tetramethylene)phenethylamine;_6-(2-aminoethyl)-5comma8-dimethoxy-tetralin
Phenethylamine	2182	2982	3comma6-dimethoxy-4-(2-aminoethyl)benzonorbornane
Phenethylamine	2183	2983	1comma4-dimethoxynaphthyl-2-ethylamine
Phenethylamine	2184	2984	2-(4-iodo-2comma5-dimethoxyphenyl)ethanamine
Phenethylamine	2185	2985	2comma5-dimethoxy-4-nitrophenethylamine
Phenethylamine	2186	2986	2comma5-dimethoxy-4-(n)-propylphenethylamine
Phenethylamine	2187	2987	2comma5-dimethoxy-4-(2-fluoroethylthio)phenethylamine
Phenethylamine	2188	2988	2comma5-dimethoxy-4-(2-fluoroethylthio)phenethylamine
Phenethylamine	2189	2989	2comma5-dimethoxy-4-n-propylthiophenethylamine
Phenethylamine	2191	2990	2comma5-dimethoxy-4-cyclopropylmethylthiophenethylamine
Phenethylamine	2192	2991	2comma5-dimethoxy-4-(t)-butylthiophenethylamine
Phenethylamine	2193	2992	2comma5-dimethoxy-4-methylthiophenethylamine
Tryptamine	2194	2993	ncomman-dimethyl-2-(2-methyl-1h-indol-3-yl)ethanamine
Phenethylamine	2195	2994	2-thioisomescaline
Amphetamine	2196	2995	3comma4-methylenedioxy-2-methylthioamphetamine
Amphetamine	2197	2996	4-ethyl-5-methoxy-2-methylthioamphetamine
Amphetamine	2198	2997	5-methoxy-4-methyl-2-methylthioamphetamine
Amphetamine	2199	2998	(2s)-1-(3comma4-dimethoxyphenyl)-2-propanamine
Phenethylamine	2200	2999	3-thioasymbescaline
Phenethylamine	2204	3000	3-thioescaline
Phenethylamine	2205	3001	3-thiomescaline
Phenethylamine	2206	3002	3-thiometaescaline
Phenethylamine	2207	3003	3-thiomescaline
Phenethylamine	2208	3004	3-thiosymbescaline
Phenethylamine	2209	3005	3-thiotrescaline
Tryptamine	2210	3006	n-[2-(6h-[1comma3]dioxolo[4comma5-e]indol-8-yl)ethyl]-n-isopropyl-2-propanamine
Tryptamine	2211	3007	6h-1comma3-dioxolo[4comma5-e]indole-8-ethanaminecomma_ncomman-dimethyl-
Tryptamine	2212	3008	1h-indol-4-olcomma_3-[2-(ethylmethylamino)ethyl]-
Tryptamine	2213	3009	3-{2-[methyl(propan-2-yl)amino]ethyl}-1h-indol-4-ol
Phenethylamine	2215	3010	4-thioasymbescaline
Phenethylamine	2216	3011	4-thioisomescaline
Phenethylamine	2217	3012	4-thiometaescaline
Amphetamine	2218	3013	6-(2-aminopropyl)-5-methoxy-1comma3-benzoxathiol
Phenethylamine	2219	3014	4-thiosymbescaline
Phenethylamine	2220	3015	4-thiotrescaline
Tryptamine	2221	3016	5h-1comma3-dioxolo[4comma5-f]indole-7-ethanaminecomma_ncomman-bis(1-methylethyl)-
Tryptamine	2222	3017	5h-1comma3-dioxolo[4comma5-f]indole-7-ethanaminecomma_ncomman-dimethyl-
Tryptamine	2223	3018	n-[2-(5h-[1comma3]dioxolo[4comma5-f]indol-7-yl)ethyl]-n-methyl-2-propanamine
Tryptamine	2224	3019	n-[2-(5comma6-dimethoxy-1h-indol-3-yl)ethyl]-n-methyl-2-propanamine
Tryptamine	2226	3020	2-(5-methoxy-2-methyl-1h-indol-3-yl)-ncomman-dimethylethanamine
Phenethylamine	2227	3021	5-thioasymbescaline
Phenethylamine	2228	3022	5-thiometaescaline
Amphetamine	2229	3023	4-ethyl-2-methoxy-5-methylthioamphetamine
Amphetamine	2230	3024	2-methoxy-4-methyl-5-methylthioamphetamine
Amphetamine	2231	3025	2comma5-dimethoxy-4-ethylthioamphetamine
Amphetamine	2232	3026	2comma5-dimethoxy-4-(i)-propylthioamphetamine
Amphetamine	2233	3027	2comma5-dimethoxy-4-phenylthioamphetamine
Amphetamine	2234	3028	2comma5-dimethoxy-4-(n)-propylthioamphetamine
Tryptamine	2235	3029	(8beta)-ncomman-diethyl-6-(prop-2-en-1-yl)-9comma10-didehydroergoline-8-carboxamide
Phenethylamine	2237	3030	4-allyloxy-3comma5-dimethoxyphenethylamine
Tryptamine	2238	3031	(2r)-1-(1h-indol-3-yl)-n-methyl-2-propanamine
Phenethylamine	2239	3032	2comma5-dimethoxy-beta-hydroxy-4-methylphenethylamine
Phenethylamine	2240	3033	4-cyclopropylmethoxy-3comma5-dimethoxyphenethylamine
Tryptamine	2241	3034	ncomman-dibutyltryptamine
Tryptamine	2242	3035	ncomman-diethyltryptamine
Phenethylamine	2243	3036	3comma4-dimethoxyphenethylamine
Amphetamine	2244	3037	2comma5-dimethoxy-4-(n)-amylamphetamine
Amphetamine	2245	3038	2comma5-dimethoxy-4-bromoamphetamine
Amphetamine	2246	3039	2comma5-dimethoxy-4-(2-fluoroethyl)-amphetamine
Amphetamine	2248	3040	2comma5-dimethoxy-4-iodoamphetamine
Amphetamine	2249	3041	2comma5-dimethoxy-4-methylamphetamine
Amphetamine	2250	3042	2comma5-dimethoxy-4-nitroamphetamine
Phenethylamine	2251	3043	2comma4-diethoxy-5-methoxyamphetamine
Tryptamine	2252	3044	n-ethyl-n-[2-(1h-indol-3-yl)ethyl]-2-propanamine
Phenethylamine	2253	3045	2comma5-diethoxy-4-methoxyamphetamine
Phenethylamine	2254	3046	4comma5-dimethoxy-2-ethoxyamphetamine
Phenethylamine	2255	3047	escaline
Tryptamine	2256	3048	(8beta)-ncommancomma6-triethyl-9comma10-didehydroergoline-8-carboxamide
Phenethylamine	2257	3049	2-ethylamino-1-(3comma4-methylenedioxyphenyl)butane
Phenethylamine	2259	3050	2-ethylamino-1-(3comma4-methylenedioxyphenyl)pentane
Amphetamine	2260	3051	6-(2-aminopropyl)-5-methoxy-2-methyl-2comma3-dihydrobenzofuran
Amphetamine	2261	3052	n-hydroxy-n-methyl-3comma4-methylenedioxyamphetamine
Amphetamine	2262	3053	2comma5-dimethoxy-3comma4-(trimethylene)amphetamine
Amphetamine	2263	3054	2comma5-dimethoxy-3comma4-(tetramethylene)amphetamine
Amphetamine	2264	3055	3comma6-dimethoxy-4-(2-aminopropyl)benzonorbornane
Amphetamine	2265	3056	1comma4-dimethoxynaphthyl-2-isopropylamine
Tryptamine	2266	3057	harmaline
Other	2267	3058	harmine
Phenethylamine	2268	3059	(2s)-1-(1comma3-benzodioxol-5-yl)-2-butanamine
Tryptamine	2270	3060	ncomman-diethyl-6-methyl-9comma10-didehydroergoline-8-carboxamide
Amphetamine	2271	3061	2comman-dimethyl-4comma5-methylenedioxyamphetamine
Phenethylamine	2272	3062	methallylescaline
Phenethylamine	2273	3063	eden
Tryptamine	2274	3064	n-[2-(1h-indol-3-yl)ethyl]-n-methyl-1-butanamine
Amphetamine	2275	3065	3comma4-methylenedioxy-n-_allylamphetamine
Amphetamine	2276	3066	3comma4-methylenedioxy-n-butylamphetamine
Amphetamine	2277	3067	3comma4-methylenedioxy-n-benzylamphetamine
Amphetamine	2278	3068	3comma4-methylenedioxy-n-cyclopropylmethylamphetamine
Amphetamine	2279	3069	3comma4-methylenedioxy-ncomman-dimethylamphetamine
Amphetamine	2281	3070	3comma4-methylenedioxy-n-(2-hydroxyethyl)amphetamine
Amphetamine	2282	3071	3comma4-methylenedioxy-n-isopropylamphetamine
Amphetamine	2283	3072	ecstasy
Amphetamine	2284	3073	3comma4-methylenedioxy-n-(2-methoxyethyl)amphetamine
Amphetamine	2285	3074	methylenedioxymephentermine
Amphetamine	2286	3075	3comma4-methylenedioxy-n-hydroxyamphetamine
Phenethylamine	2287	3076	homopiperonylamine
Amphetamine	2288	3077	3comma4-methylenedioxyphentermine
Amphetamine	2289	3078	3comma4-methylenedioxy-n-propargylamphetamine
Amphetamine	2290	3079	3-methoxy-4comma5-ethylenedioxyamphetamine
Tryptamine	2292	3080	melatonin
Amphetamine	2293	3081	2comma4-dimethoxy-5-methylthioamphetamine
Phenethylamine	2294	3082	2-methylamino-1-(3comma4-methylenedioxyphenyl)pentane
Amphetamine	2295	3083	4-methoxy-n-methylamphetamine
Amphetamine	2296	3084	2-methoxy-3comma4-methylenedioxyamphetamine
Amphetamine	2297	3085	4-methoxy-2comma3-methylenedioxyamphetamine
Phenethylamine	2298	3086	phenethylamine
Phenethylamine	2299	3087	phenescaline
Amphetamine	2300	3088	4-methoxyamphetamine
Tryptamine	2301	3089	(8beta)-ncomman-diethyl-6-propyl-9comma10-didehydroergoline-8-carboxamide
Phenethylamine	2303	3090	3comma5-dimethoxy-4-(2-propynyloxy)phenethylamine
Phenethylamine	2304	3091	2-[4-(isopropylsulfanyl)-2comma6-dimethoxyphenyl]ethanamine
Phenethylamine	2305	3092	benzeneethanaminecomma_4-(ethylthio)-3comma5-dimethoxy-
Tryptamine	2306	3093	tetrahydroharmine
Amphetamine	2307	3094	2comma4comma5-trimethoxyamphetamine
Amphetamine	2308	3095	2comma3comma4-trimethoxyamphetamine
Amphetamine	2309	3096	2comma3comma5-trimethoxyamphetamine
Amphetamine	2310	3097	2comma3comma6-trimethoxyamphetamine
Amphetamine	2311	3098	2comma4comma6-trimethoxyamphetamine
Amphetamine	2312	3099	3comma4comma5-trimethoxyamphetamine
Phenethylamine	2315	3100	benzeneethanaminecomma_3comma5-dimethoxy-4-(methylthio)-
Phenethylamine	2316	3101	2comma4comma5-trimethoxyphenethylamine
Amphetamine	2317	3102	2-methoxy-4-methyl-5-methylsulfinylamphetamine
Tryptamine	2318	3103	tryptamine
